Requirement with Standard Syntax,Cleaned Data,sentence1,sentence2,similarity_score,Similarity,POS,SimilarSentence,user register system,game numbrp resolution,user access his/her account,user play tournament,user participate respective tournament,player participate tournaments,match played,match played respective touenament,bowler specific bowler id,user select level,user click option button,ai traffic added,specified rule violated,user clear previous level,user click start button main menu,user select vehicle,user press exit button,user adjust volume slider,pause button click,user click instruction button,car drive near sign road,player violates sign,user logged in,user saved previous game,user press setting icon setting popup opens,user close settings,user sign up,creating game,user fight enemies,game play,game pause
"When user register into the system, the system shall allow the user to select username and password for their account on the website.","user register system, system shall allow user select username password account website.",user register system, system shall allow user select username password account website.,0.3954847455024719,1.0,"[('When', 'WRB'), ('user', 'JJ'), ('register', 'NN'), ('into', 'IN'), ('the', 'DT'), ('system', 'NN'), (',', ','), ('the', 'DT'), ('system', 'NN'), ('shall', 'MD'), ('allow', 'VB'), ('the', 'DT'), ('user', 'NN'), ('to', 'TO'), ('select', 'VB'), ('username', 'JJ'), ('and', 'CC'), ('password', 'NN'), ('for', 'IN'), ('their', 'PRP$'), ('account', 'NN'), ('on', 'IN'), ('the', 'DT'), ('website', 'NN'), ('.', '.')]",If user sign up then  system shall allow user select username password account website.,,,,,,,,,,,,,,,,,,,,,,,,,,,,,,,
"while the game have 720p resolution, the game shall be playable","game numbrp resolution, game shall playable",game numbrp resolution, game shall playable,0.35824787616729736,1.0,"[('while', 'IN'), ('the', 'DT'), ('game', 'NN'), ('have', 'VBP'), ('720p', 'CD'), ('resolution', 'NN'), (',', ','), ('the', 'DT'), ('game', 'NN'), ('shall', 'MD'), ('be', 'VB'), ('playable', 'JJ')]",If game pause then  game shall playable,If user register system then  system shall allow user select username password account website.,If game numbrp resolution then  game shall playable,If user access his/her account then  system shall allow user select username password account website.,If user play tournament then  game shall playable,If user participate respective tournament then  system shall allow user select username password account website.,If player participate tournaments then  game shall playable,If match played then  game shall playable,If match played respective touenament then  game shall playable,If bowler specific bowler id then  system shall allow store information bowler.,If user select level then  system shall allow user select username password account website.,If user click option button then  system shall allow user select username password account website.,If ai traffic added then  system shall popup traffic sign screen.,If specified rule violated then  system shall use ai vehicle avoid obstacle follow set waypoints.,If user clear previous level then  game shall playable,If user click start button main menu then  system shall allow user select username password account website.,If user select vehicle then  system shall allow user select respective teams.,If user press exit button then  system shall allow user select username password account website.,If user adjust volume slider then  system shall take user volume slider.,If pause button click then  game shall playable,If user click instruction button then  system shall allow user select username password account website.,If car drive near sign road then  system shall use ai vehicle avoid obstacle follow set waypoints.,If player violates sign then  game shall playable,If user logged in then  system shall allow user select username password account website.,If user saved previous game then  system shall allow user select username password account website.,If user press setting icon setting popup opens then  system shall allow user select username password account website.,If user close settings then  system shall allow user enter password username.,If user sign up then  system shall allow user select username password account website.,If creating game then  game shall playable,If user fight enemies then  game shall alllow user proceed next level.,If game play then  game shall playable,If game pause then  game shall playable
"When user access his/her account, the system shall allow user to enter password and username.","user access his/her account, system shall allow user enter password username.",user access his/her account, system shall allow user enter password username.,0.41069653630256653,2.0,"[('When', 'WRB'), ('user', 'JJ'), ('access', 'NN'), ('his/her', 'NN'), ('account', 'NN'), (',', ','), ('the', 'DT'), ('system', 'NN'), ('shall', 'MD'), ('allow', 'VB'), ('user', 'NN'), ('to', 'TO'), ('enter', 'VB'), ('password', 'NN'), ('and', 'CC'), ('username', 'NN'), ('.', '.')]",If game pause then  system shall allow play one tournament,If user register system then  system shall allow user enter password username.,If game numbrp resolution then  system shall allow user select respective teams.,If user access his/her account then  system shall allow user enter password username.,If user play tournament then  system shall allow user enter password username.,If user participate respective tournament then  game shall playable,If player participate tournaments then  system shall allow user create team tournament.,If match played then  system shall allow play one tournament,If match played respective touenament then  system shall allow play one tournament,If bowler specific bowler id then  game shall alllow user proceed next level.,If user select level then  game shall playable,If user click option button then  game shall playable,,If specified rule violated then  system shall reduce points.,If user clear previous level then  system shall use ai vehicle avoid obstacle follow set waypoints.,If user click start button main menu then  game shall playable,If user select vehicle then  system shall use ai vehicle avoid obstacle follow set waypoints.,If user press exit button then  system shall allow user enter password username.,If user adjust volume slider then  system shall reduce points.,If pause button click then  system shall take user volume slider.,If user click instruction button then  game shall playable,If car drive near sign road then  system shall display vehicle select option.,If player violates sign then  system shall allow user exit game.,If user logged in then  system shall allow user enter password username.,If user saved previous game then  game shall playable,If user press setting icon setting popup opens then  system shall allow user enter password username.,If user close settings then  system shall take user volume slider.,If user sign up then  system shall allow user enter password username.,If creating game then  system shall allow user create team tournament.,,If game play then  system shall allow user create team tournament.,If game pause then  system shall allow play one tournament
"When user play tournament, the system shall allow the user to create teams for the tournament.","user play tournament, system shall allow user create team tournament.",user play tournament, system shall allow user create team tournament.,0.548650860786438,2.0,"[('When', 'WRB'), ('user', 'JJ'), ('play', 'NN'), ('tournament', 'NN'), (',', ','), ('the', 'DT'), ('system', 'NN'), ('shall', 'MD'), ('allow', 'VB'), ('the', 'DT'), ('user', 'NN'), ('to', 'TO'), ('create', 'VB'), ('teams', 'NNS'), ('for', 'IN'), ('the', 'DT'), ('tournament', 'NN'), ('.', '.')]",If game pause then  system shall start game.,If user register system then  system shall allow user create team tournament.,If game numbrp resolution then  system shall allow stor information team match played.,If user access his/her account then  system shall allow user exit game.,If user play tournament then  system shall allow user create team tournament.,If user participate respective tournament then  system shall allow user enter password username.,If player participate tournaments then  system shall allow user select respective teams.,If match played then  system shall allow store information match played tournaments.,If match played respective touenament then  system shall allow store information match played tournaments.,If bowler specific bowler id then  game shall provide option pause,If user select level then  system shall allow user enter password username.,If user click option button then  system shall allow user enter password username.,,If specified rule violated then  system shall allow administrator set maximum number win reach ending game.,If user clear previous level then  game shall alllow user proceed next level.,If user click start button main menu then  system shall allow user enter password username.,If user select vehicle then  system shall display vehicle select option.,If user press exit button then  system shall allow user select respective teams.,If user adjust volume slider then  game shall alllow user proceed next level.,If pause button click then  system shall display vehicle select option.,If user click instruction button then  system shall allow user enter password username.,If car drive near sign road then  system shall display selected vehicle selected level.,If player violates sign then  game shall show resume game,If user logged in then  game shall alllow user proceed next level.,If user saved previous game then  system shall allow user enter password username.,If user press setting icon setting popup opens then  system shall allow user select respective teams.,If user close settings then  system shall use ai vehicle avoid obstacle follow set waypoints.,If user sign up then  system shall allow user select respective teams.,If creating game then  system shall allow user select respective teams.,,If game play then  system shall allow play one tournament,If game pause then  system shall start game.
"When user participate in the respective tournament, the system shall allow the user to select their respective teams.","user participate respective tournament, system shall allow user select respective teams.",user participate respective tournament, system shall allow user select respective teams.,0.44507524371147156,3.0,"[('When', 'WRB'), ('user', 'JJ'), ('participate', 'NN'), ('in', 'IN'), ('the', 'DT'), ('respective', 'JJ'), ('tournament', 'NN'), (',', ','), ('the', 'DT'), ('system', 'NN'), ('shall', 'MD'), ('allow', 'VB'), ('the', 'DT'), ('user', 'NN'), ('to', 'TO'), ('select', 'VB'), ('their', 'PRP$'), ('respective', 'JJ'), ('teams', 'NNS'), ('.', '.')]",If game pause then  game shall alllow user proceed next level.,If user register system then  system shall allow user select respective teams.,If game numbrp resolution then  system shall start game.,If user access his/her account then  system shall take user main screen.,If user play tournament then  system shall allow user select respective teams.,If user participate respective tournament then  system shall allow user create team tournament.,If player participate tournaments then  system shall allow play one tournament,If match played then  system shall allow stor information team match played.,If match played respective touenament then  system shall allow stor information team match played.,,If user select level then  system shall allow user create team tournament.,If user click option button then  system shall allow user select respective teams.,,,If user clear previous level then  system shall allow user exit game.,If user click start button main menu then  system shall allow user select respective teams.,If user select vehicle then  system shall display selected vehicle selected level.,If user press exit button then  system shall take user volume slider.,If user adjust volume slider then  system shall display vehicle select option.,If pause button click then  system shall popup traffic sign screen.,If user click instruction button then  system shall allow user select respective teams.,If car drive near sign road then  system shall popup traffic sign screen.,,If user logged in then  system shall allow user exit game.,If user saved previous game then  system shall allow user create team tournament.,If user press setting icon setting popup opens then  system shall take user volume slider.,If user close settings then  game shall alllow user proceed next level.,If user sign up then  game shall alllow user proceed next level.,If creating game then  system shall allow play one tournament,,If game play then  system shall allow store information match played tournaments.,If game pause then  game shall alllow user proceed next level.
"When the player participate in the tournaments, the system shall allow to play only one tournament","player participate tournaments, system shall allow play one tournament",player participate tournaments, system shall allow play one tournament,0.47709202766418457,2.0,"[('When', 'WRB'), ('the', 'DT'), ('player', 'NN'), ('participate', 'NN'), ('in', 'IN'), ('the', 'DT'), ('tournaments', 'NNS'), (',', ','), ('the', 'DT'), ('system', 'NN'), ('shall', 'MD'), ('allow', 'VB'), ('to', 'TO'), ('play', 'VB'), ('only', 'RB'), ('one', 'CD'), ('tournament', 'NN')]",If game pause then  system shall allow user exit game.,If user register system then  system shall allow store information match played tournaments.,If game numbrp resolution then  system shall take user volume slider.,If user access his/her account then  system shall take user directly game start.,If user play tournament then  system shall allow play one tournament,If user participate respective tournament then  system shall allow user select respective teams.,If player participate tournaments then  system shall allow store information match played tournaments.,If match played then  system shall store every outcome match.,If match played respective touenament then  system shall store every outcome match.,,If user select level then  system shall allow user select respective teams.,If user click option button then  system shall take user volume slider.,,,If user clear previous level then  system shall change sound level game.,If user click start button main menu then  system shall start game.,If user select vehicle then  system shall popup traffic sign screen.,If user press exit button then  system shall use ai vehicle avoid obstacle follow set waypoints.,If user adjust volume slider then  system shall display selected vehicle selected level.,If pause button click then  system shall pause game.,If user click instruction button then  system shall take user volume slider.,,,If user logged in then  system shall take user main screen.,If user saved previous game then  system shall allow user select respective teams.,If user press setting icon setting popup opens then  system shall display vehicle select option.,If user close settings then  system shall display vehicle select option.,If user sign up then  system shall allow user exit game.,If creating game then  system shall allow store information match played tournaments.,,If game play then  system shall allow stor information team match played.,If game pause then  system shall allow user exit game.
"When the matches played, the system shall allow to store the information of the matches played in the tournaments.","match played, system shall allow store information match played tournaments.",match played, system shall allow store information match played tournaments.,0.2562078535556793,4.0,"[('When', 'WRB'), ('the', 'DT'), ('matches', 'NNS'), ('played', 'VBD'), (',', ','), ('the', 'DT'), ('system', 'NN'), ('shall', 'MD'), ('allow', 'VB'), ('to', 'TO'), ('store', 'VB'), ('the', 'DT'), ('information', 'NN'), ('of', 'IN'), ('the', 'DT'), ('matches', 'NNS'), ('played', 'VBN'), ('in', 'IN'), ('the', 'DT'), ('tournaments', 'NNS'), ('.', '.')]",If game pause then  system shall change sound level game.,If user register system then  system shall allow stor information team match played.,If game numbrp resolution then  system shall reduce points.,If user access his/her account then  system shall allow user play game.,If user play tournament then  system shall allow store information match played tournaments.,If user participate respective tournament then  system shall allow play one tournament,If player participate tournaments then  system shall allow stor information team match played.,If match played then  system shall start game.,If match played respective touenament then  system shall start game.,,If user select level then  system shall allow stor information team match played.,If user click option button then  system shall display vehicle select option.,,,If user clear previous level then  system shall take user main screen.,If user click start button main menu then  system shall take user volume slider.,If user select vehicle then  system shall allow administrator set maximum number win reach ending game.,If user press exit button then  game shall alllow user proceed next level.,If user adjust volume slider then  system shall change sound level game.,If pause button click then  game shall provide option pause,If user click instruction button then  system shall use ai vehicle avoid obstacle follow set waypoints.,,,If user logged in then  system shall take user directly game start.,If user saved previous game then  system shall allow store information match played tournaments.,If user press setting icon setting popup opens then  system shall allow user exit game.,If user close settings then  system shall allow user exit game.,If user sign up then  system shall popup traffic sign screen.,If creating game then  system shall allow stor information team match played.,,If game play then  system shall store every outcome match.,If game pause then  system shall change sound level game.
"When the matches are being played, the system shall allow to stor the information of teams in which the matches are being played.","match played, system shall allow stor information team match played.",match played, system shall allow stor information team match played.,0.33437401056289673,5.0,"[('When', 'WRB'), ('the', 'DT'), ('matches', 'NNS'), ('are', 'VBP'), ('being', 'VBG'), ('played', 'VBN'), (',', ','), ('the', 'DT'), ('system', 'NN'), ('shall', 'MD'), ('allow', 'VB'), ('to', 'TO'), ('stor', 'VB'), ('the', 'DT'), ('information', 'NN'), ('of', 'IN'), ('teams', 'NNS'), ('in', 'IN'), ('which', 'WDT'), ('the', 'DT'), ('matches', 'NNS'), ('are', 'VBP'), ('being', 'VBG'), ('played', 'VBN'), ('.', '.')]",If game pause then  systen shall hold game.,If user register system then  system shall store every outcome match.,If game numbrp resolution then  game shall alllow user proceed next level.,If user access his/her account then  system shall allow administrator set maximum number win reach ending game.,If user play tournament then  system shall allow stor information team match played.,If user participate respective tournament then  system shall allow store information match played tournaments.,If player participate tournaments then  system shall store every outcome match.,If match played then  game shall alllow user proceed next level.,If match played respective touenament then  systen shall hold game.,,If user select level then  system shall start game.,If user click option button then  system shall popup traffic sign screen.,,,If user clear previous level then  system shall take user directly game start.,If user click start button main menu then  game shall alllow user proceed next level.,,If user press exit button then  system shall display vehicle select option.,If user adjust volume slider then  system shall display information play game.,,If user click instruction button then  game shall alllow user proceed next level.,,,If user logged in then  system shall allow user play game.,If user saved previous game then  system shall allow stor information team match played.,If user press setting icon setting popup opens then  system shall popup traffic sign screen.,If user close settings then  system shall change sound level game.,If user sign up then  system shall take user directly game start.,If creating game then  system shall start game.,,If game play then  system shall start game.,If game pause then  systen shall hold game.
"When the match played in respective touenament, the system shall store every outcome of the match.","match played respective touenament, system shall store every outcome match.",match played respective touenament, system shall store every outcome match.,0.2483450323343277,6.0,"[('When', 'WRB'), ('the', 'DT'), ('match', 'NN'), ('played', 'VBD'), ('in', 'IN'), ('respective', 'JJ'), ('touenament', 'NN'), (',', ','), ('the', 'DT'), ('system', 'NN'), ('shall', 'MD'), ('store', 'VB'), ('every', 'DT'), ('outcome', 'NN'), ('of', 'IN'), ('the', 'DT'), ('match', 'NN'), ('.', '.')]",If game pause then  system shall display information play game.,If user register system then  system shall allow store information bowler.,If game numbrp resolution then  system shall allow user exit game.,,If user play tournament then  system shall store every outcome match.,If user participate respective tournament then  system shall allow stor information team match played.,If player participate tournaments then  system shall start game.,If match played then  systen shall hold game.,If match played respective touenament then  system shall display information play game.,,If user select level then  system shall take user volume slider.,If user click option button then  system shall allow administrator set maximum number win reach ending game.,,,If user clear previous level then  system shall allow administrator set maximum number win reach ending game.,If user click start button main menu then  system shall display vehicle select option.,,If user press exit button then  system shall allow user exit game.,If user adjust volume slider then  system shall allow user play game.,,If user click instruction button then  system shall allow user exit game.,,,If user logged in then  system shall allow administrator set maximum number win reach ending game.,If user saved previous game then  system shall store every outcome match.,If user press setting icon setting popup opens then  system shall take user directly game start.,If user close settings then  system shall display information play game.,If user sign up then  system shall allow user play game.,If creating game then  game shall alllow user proceed next level.,,If game play then  game shall alllow user proceed next level.,If game pause then  system shall display information play game.
"When bowler have a specific bowler id, the system shall allow to store the information of the bowler.","bowler specific bowler id, system shall allow store information bowler.",bowler specific bowler id, system shall allow store information bowler.,0.3387078046798706,1.0,"[('When', 'WRB'), ('bowler', 'NN'), ('have', 'VBP'), ('a', 'DT'), ('specific', 'JJ'), ('bowler', 'NN'), ('id', 'NN'), (',', ','), ('the', 'DT'), ('system', 'NN'), ('shall', 'MD'), ('allow', 'VB'), ('to', 'TO'), ('store', 'VB'), ('the', 'DT'), ('information', 'NN'), ('of', 'IN'), ('the', 'DT'), ('bowler', 'NN'), ('.', '.')]",If game pause then  system shall detuct point game.,If user register system then  system shall start game.,If game numbrp resolution then  system shall change sound level game.,,If user play tournament then  system shall start game.,If user participate respective tournament then  system shall store every outcome match.,If player participate tournaments then  game shall alllow user proceed next level.,If match played then  system shall display information play game.,If match played respective touenament then  system shall take user directly game start.,,If user select level then  system shall reduce points.,If user click option button then  game shall provide option pause,,,If user clear previous level then  game shall reach end level win,If user click start button main menu then  system shall allow user exit game.,,If user press exit button then  system shall popup traffic sign screen.,If user adjust volume slider then  system shall allow administrator set maximum number win reach ending game.,,If user click instruction button then  system shall display information play game.,,,,If user saved previous game then  system shall start game.,If user press setting icon setting popup opens then  system shall allow user play game.,If user close settings then  system shall take user main screen.,,If creating game then  system shall allow user exit game.,,If game play then  system shall allow user exit game.,If game pause then  system shall detuct point game.
"When user select the level, the system shall start the game.","user select level, system shall start game.",user select level, system shall start game.,0.2047976851463318,3.0,"[('When', 'WRB'), ('user', 'NN'), ('select', 'VBP'), ('the', 'DT'), ('level', 'NN'), (',', ','), ('the', 'DT'), ('system', 'NN'), ('shall', 'MD'), ('start', 'VB'), ('the', 'DT'), ('game', 'NN'), ('.', '.')]",If game pause then  system shall show new game continue option.,If user register system then  system shall take user volume slider.,If game numbrp resolution then  systen shall hold game.,,If user play tournament then  game shall alllow user proceed next level.,If user participate respective tournament then  system shall start game.,If player participate tournaments then  system shall allow user exit game.,If match played then  system shall show new game continue option.,If match played respective touenament then  system shall start game again.,,If user select level then  game shall alllow user proceed next level.,,,,,If user click start button main menu then  system shall display information play game.,,If user press exit button then  system shall take user main screen.,If user adjust volume slider then  game shall provide option pause,,If user click instruction button then  system shall take user main screen.,,,,If user saved previous game then  game shall alllow user proceed next level.,If user press setting icon setting popup opens then  system shall allow administrator set maximum number win reach ending game.,If user close settings then  system shall pause game.,,If creating game then  system shall change sound level game.,,If game play then  system shall change sound level game.,If game pause then  system shall show new game continue option.
"When user click on the option button, the system shall take the user to volume slider.","user click option button, system shall take user volume slider.",user click option button, system shall take user volume slider.,0.2680232524871826,2.0,"[('When', 'WRB'), ('user', 'NN'), ('click', 'NN'), ('on', 'IN'), ('the', 'DT'), ('option', 'NN'), ('button', 'NN'), (',', ','), ('the', 'DT'), ('system', 'NN'), ('shall', 'MD'), ('take', 'VB'), ('the', 'DT'), ('user', 'NN'), ('to', 'TO'), ('volume', 'NN'), ('slider', 'NN'), ('.', '.')]",If game pause then  system shall take user directly game start.,If user register system then  system shall use ai vehicle avoid obstacle follow set waypoints.,If game numbrp resolution then  system shall display information play game.,,If user play tournament then  system shall allow user exit game.,If user participate respective tournament then  game shall alllow user proceed next level.,If player participate tournaments then  systen shall hold game.,If match played then  system shall take user directly game start.,If match played respective touenament then  system shall allow administrator set maximum number win reach ending game.,,If user select level then  system shall display vehicle select option.,,,,,If user click start button main menu then  system shall take user main screen.,,If user press exit button then  system shall take user directly game start.,,,If user click instruction button then  system shall take user directly game start.,,,,If user saved previous game then  system shall allow user exit game.,If user press setting icon setting popup opens then  game shall provide option pause,If user close settings then  system shall allow user play game.,,If creating game then  systen shall hold game.,,If game play then  systen shall hold game.,If game pause then  system shall take user directly game start.
"When AI traffic is added, the system shall use these AI vehicles to avoid obstacles and follow the set waypoints.","ai traffic added, system shall use ai vehicle avoid obstacle follow set waypoints.",ai traffic added, system shall use ai vehicle avoid obstacle follow set waypoints.,0.1851484477519989,3.0,"[('When', 'WRB'), ('AI', 'NNP'), ('traffic', 'NN'), ('is', 'VBZ'), ('added', 'VBN'), (',', ','), ('the', 'DT'), ('system', 'NN'), ('shall', 'MD'), ('use', 'VB'), ('these', 'DT'), ('AI', 'NNP'), ('vehicles', 'NNS'), ('to', 'TO'), ('avoid', 'VB'), ('obstacles', 'NNS'), ('and', 'CC'), ('follow', 'VB'), ('the', 'DT'), ('set', 'NN'), ('waypoints', 'NNS'), ('.', '.')]",If game pause then  system shall pause game.,If user register system then  system shall reduce points.,If game numbrp resolution then  system shall detuct point game.,,If user play tournament then  systen shall hold game.,If user participate respective tournament then  system shall allow user exit game.,If player participate tournaments then  system shall display information play game.,If match played then  system shall pause game.,If match played respective touenament then  game shall reach end level win,,If user select level then  system shall display selected vehicle selected level.,,,,,If user click start button main menu then  system shall show new game continue option.,,If user press exit button then  system shall pause game.,,,If user click instruction button then  system shall allow user play game.,,,,If user saved previous game then  system shall display information play game.,,If user close settings then  system shall allow administrator set maximum number win reach ending game.,,If creating game then  system shall display information play game.,,If game play then  system shall display information play game.,If game pause then  system shall pause game.
"When any specified rule is violated, the system shall reduce the points.","specified rule violated, system shall reduce points.",specified rule violated, system shall reduce points.,0.20981675386428833,2.0,"[('When', 'WRB'), ('any', 'DT'), ('specified', 'JJ'), ('rule', 'NN'), ('is', 'VBZ'), ('violated', 'VBN'), (',', ','), ('the', 'DT'), ('system', 'NN'), ('shall', 'MD'), ('reduce', 'VB'), ('the', 'DT'), ('points', 'NNS'), ('.', '.')]",If game pause then  system shall start game again.,If user register system then  game shall alllow user proceed next level.,If game numbrp resolution then  system shall show new game continue option.,,If user play tournament then  system shall display information play game.,If user participate respective tournament then  systen shall hold game.,If player participate tournaments then  system shall show new game continue option.,If match played then  system shall start game again.,If match played respective touenament then  game shall show resume game,,If user select level then  system shall allow user exit game.,,,,,If user click start button main menu then  system shall take user directly game start.,,If user press exit button then  system shall allow user play game.,,,If user click instruction button then  system shall allow administrator set maximum number win reach ending game.,,,,If user saved previous game then  system shall show new game continue option.,,If user close settings then  game shall provide option pause,,If creating game then  system shall detuct point game.,,If game play then  system shall detuct point game.,If game pause then  system shall start game again.
"When user clear the previous level, the game shall alllow the user to proceed to next level.","user clear previous level, game shall alllow user proceed next level.",user clear previous level, game shall alllow user proceed next level.,0.38291579484939575,4.0,"[('When', 'WRB'), ('user', 'NN'), ('clear', 'VBP'), ('the', 'DT'), ('previous', 'JJ'), ('level', 'NN'), (',', ','), ('the', 'DT'), ('game', 'NN'), ('shall', 'MD'), ('alllow', 'VB'), ('the', 'DT'), ('user', 'NN'), ('to', 'TO'), ('proceed', 'VB'), ('to', 'TO'), ('next', 'JJ'), ('level', 'NN'), ('.', '.')]",If game pause then  system shall allow user play game.,If user register system then  system shall display vehicle select option.,If game numbrp resolution then  system shall take user directly game start.,,If user play tournament then  system shall detuct point game.,If user participate respective tournament then  system shall display information play game.,If player participate tournaments then  system shall take user directly game start.,If match played then  system shall allow user play game.,,,If user select level then  system shall change sound level game.,,,,,If user click start button main menu then  system shall pause game.,,If user press exit button then  system shall allow administrator set maximum number win reach ending game.,,,If user click instruction button then  game shall provide option pause,,,,If user saved previous game then  system shall take user directly game start.,,,,If creating game then  system shall show new game continue option.,,If game play then  system shall take user main screen.,If game pause then  system shall allow user play game.
"When user clicks the start button on main menu, the system shall display the vehicle select option. ","user click start button main menu, system shall display vehicle select option.",user click start button main menu, system shall display vehicle select option.,0.2687731683254242,5.0,"[('When', 'WRB'), ('user', 'NN'), ('clicks', 'VBZ'), ('the', 'DT'), ('start', 'NN'), ('button', 'NN'), ('on', 'IN'), ('main', 'JJ'), ('menu', 'NN'), (',', ','), ('the', 'DT'), ('system', 'NN'), ('shall', 'MD'), ('display', 'VB'), ('the', 'DT'), ('vehicle', 'NN'), ('select', 'NN'), ('option', 'NN'), ('.', '.')]",If game pause then  system shall allow administrator set maximum number win reach ending game.,If user register system then  system shall display selected vehicle selected level.,If game numbrp resolution then  system shall pause game.,,If user play tournament then  system shall take user main screen.,If user participate respective tournament then  system shall detuct point game.,If player participate tournaments then  system shall pause game.,If match played then  system shall allow administrator set maximum number win reach ending game.,,,If user select level then  system shall display information play game.,,,,,If user click start button main menu then  system shall start game again.,,If user press exit button then  game shall reach end level win,,,,,,,If user saved previous game then  system shall pause game.,,,,If creating game then  system shall take user directly game start.,,If game play then  system shall show new game continue option.,If game pause then  system shall allow administrator set maximum number win reach ending game.
"When user select the vehicle, the system shall display the selected vehicle in the selected level.","user select vehicle, system shall display selected vehicle selected level.",user select vehicle, system shall display selected vehicle selected level.,0.5272691249847412,3.0,"[('When', 'WRB'), ('user', 'NN'), ('select', 'VBP'), ('the', 'DT'), ('vehicle', 'NN'), (',', ','), ('the', 'DT'), ('system', 'NN'), ('shall', 'MD'), ('display', 'VB'), ('the', 'DT'), ('selected', 'JJ'), ('vehicle', 'NN'), ('in', 'IN'), ('the', 'DT'), ('selected', 'VBN'), ('level', 'NN'), ('.', '.')]",If game pause then  game shall reach end level win,If user register system then  system shall allow user exit game.,If game numbrp resolution then  system shall start game again.,,If user play tournament then  system shall show new game continue option.,If user participate respective tournament then  system shall take user main screen.,If player participate tournaments then  system shall start game again.,If match played then  game shall reach end level win,,,If user select level then  system shall detuct point game.,,,,,If user click start button main menu then  system shall allow user play game.,,If user press exit button then  game shall provide option pause,,,,,,,If user saved previous game then  system shall start game again.,,,,If creating game then  system shall pause game.,,If game play then  system shall take user directly game start.,If game pause then  game shall reach end level win
"When user press the exit button, the system shall allow the user to exit the game.","user press exit button, system shall allow user exit game.",user press exit button, system shall allow user exit game.,0.4609319269657135,5.0,"[('When', 'WRB'), ('user', 'JJ'), ('press', 'NN'), ('the', 'DT'), ('exit', 'NN'), ('button', 'NN'), (',', ','), ('the', 'DT'), ('system', 'NN'), ('shall', 'MD'), ('allow', 'VB'), ('the', 'DT'), ('user', 'NN'), ('to', 'TO'), ('exit', 'VB'), ('the', 'DT'), ('game', 'NN'), ('.', '.')]",If game pause then  game shall provide option pause,If user register system then  system shall change sound level game.,If game numbrp resolution then  system shall allow user play game.,,If user play tournament then  system shall take user directly game start.,If user participate respective tournament then  system shall show new game continue option.,If player participate tournaments then  system shall allow user play game.,If match played then  game shall show resume game,,,If user select level then  system shall take user main screen.,,,,,If user click start button main menu then  system shall allow administrator set maximum number win reach ending game.,,,,,,,,,If user saved previous game then  system shall allow user play game.,,,,If creating game then  system shall start game again.,,If game play then  system shall pause game.,If game pause then  game shall provide option pause
"When user adjust the volume slider, the system shall change the sound level of the game.","user adjust volume slider, system shall change sound level game.",user adjust volume slider, system shall change sound level game.,0.3103634715080261,6.0,"[('When', 'WRB'), ('user', 'NN'), ('adjust', 'VBP'), ('the', 'DT'), ('volume', 'NN'), ('slider', 'NN'), (',', ','), ('the', 'DT'), ('system', 'NN'), ('shall', 'MD'), ('change', 'VB'), ('the', 'DT'), ('sound', 'JJ'), ('level', 'NN'), ('of', 'IN'), ('the', 'DT'), ('game', 'NN'), ('.', '.')]",If game pause then  game shall show resume game,If user register system then  system shall display information play game.,If game numbrp resolution then  system shall allow administrator set maximum number win reach ending game.,,If user play tournament then  system shall pause game.,If user participate respective tournament then  system shall take user directly game start.,If player participate tournaments then  game shall reach end level win,,,,If user select level then  system shall show new game continue option.,,,,,If user click start button main menu then  game shall reach end level win,,,,,,,,,If user saved previous game then  system shall allow administrator set maximum number win reach ending game.,,,,If creating game then  system shall allow user play game.,,If game play then  system shall start game again.,If game pause then  game shall show resume game
"When pause button is click, the systen shall hold the game.","pause button click, systen shall hold game.",pause button click, systen shall hold game.,0.12260249257087708,7.0,"[('When', 'WRB'), ('pause', 'NN'), ('button', 'NN'), ('is', 'VBZ'), ('click', 'JJ'), (',', ','), ('the', 'DT'), ('systen', 'JJ'), ('shall', 'MD'), ('hold', 'VB'), ('the', 'DT'), ('game', 'NN'), ('.', '.')]",If game play then  system shall allow user play game.,If user register system then  system shall popup traffic sign screen.,If game numbrp resolution then  game shall reach end level win,,If user play tournament then  system shall start game again.,If user participate respective tournament then  system shall pause game.,If player participate tournaments then  game shall show resume game,,,,If user select level then  system shall take user directly game start.,,,,,If user click start button main menu then  game shall provide option pause,,,,,,,,,If user saved previous game then  game shall reach end level win,,,,If creating game then  system shall allow administrator set maximum number win reach ending game.,,If game play then  system shall allow user play game.,
"When user click the instruction button, the system shall display the information about how to play the game.","user click instruction button, system shall display information play game.",user click instruction button, system shall display information play game.,0.25213247537612915,8.0,"[('When', 'WRB'), ('user', 'NN'), ('click', 'VBP'), ('the', 'DT'), ('instruction', 'NN'), ('button', 'NN'), (',', ','), ('the', 'DT'), ('system', 'NN'), ('shall', 'MD'), ('display', 'VB'), ('the', 'DT'), ('information', 'NN'), ('about', 'IN'), ('how', 'WRB'), ('to', 'TO'), ('play', 'VB'), ('the', 'DT'), ('game', 'NN'), ('.', '.')]",If game play then  system shall allow administrator set maximum number win reach ending game.,If user register system then  system shall detuct point game.,If game numbrp resolution then  game shall provide option pause,,If user play tournament then  system shall allow user play game.,If user participate respective tournament then  system shall start game again.,,,,,If user select level then  system shall allow user play game.,,,,,If user click start button main menu then  game shall show resume game,,,,,,,,,If user saved previous game then  game shall provide option pause,,,,If creating game then  game shall reach end level win,,If game play then  system shall allow administrator set maximum number win reach ending game.,
"When car drives near a sign on road, the system shall popup traffic signs on screen. ","car drive near sign road, system shall popup traffic sign screen.",car drive near sign road, system shall popup traffic sign screen.,0.45754361152648926,6.0,"[('When', 'WRB'), ('car', 'NN'), ('drives', 'NNS'), ('near', 'IN'), ('a', 'DT'), ('sign', 'NN'), ('on', 'IN'), ('road', 'NN'), (',', ','), ('the', 'DT'), ('system', 'NN'), ('shall', 'MD'), ('popup', 'VB'), ('traffic', 'NN'), ('signs', 'NNS'), ('on', 'IN'), ('screen', 'NN'), ('.', '.')]",If game play then  game shall reach end level win,If user register system then  system shall take user main screen.,If game numbrp resolution then  game shall show resume game,,If user play tournament then  system shall allow administrator set maximum number win reach ending game.,If user participate respective tournament then  system shall allow user play game.,,,,,If user select level then  system shall allow administrator set maximum number win reach ending game.,,,,,,,,,,,,,,If user saved previous game then  game shall show resume game,,,,If creating game then  game shall provide option pause,,If game play then  game shall reach end level win,
"When the player violates a sign, the system shall detuct the points in the game.","player violates sign, system shall detuct point game.",player violates sign, system shall detuct point game.,0.07169637084007263,9.0,"[('When', 'WRB'), ('the', 'DT'), ('player', 'NN'), ('violates', 'VBZ'), ('a', 'DT'), ('sign', 'NN'), (',', ','), ('the', 'DT'), ('system', 'NN'), ('shall', 'MD'), ('detuct', 'VB'), ('the', 'DT'), ('points', 'NNS'), ('in', 'IN'), ('the', 'DT'), ('game', 'NN'), ('.', '.')]",If game play then  game shall provide option pause,If user register system then  system shall show new game continue option.,,,If user play tournament then  game shall reach end level win,If user participate respective tournament then  system shall allow administrator set maximum number win reach ending game.,,,,,If user select level then  game shall reach end level win,,,,,,,,,,,,,,,,,,If creating game then  game shall show resume game,,If game play then  game shall provide option pause,
"While the user logged in, the system shall take the user to main screen.","user logged in, system shall take user main screen.",user logged in, system shall take user main screen.,0.25846582651138306,14.0,"[('While', 'IN'), ('the', 'DT'), ('user', 'NN'), ('logged', 'VBD'), ('in', 'IN'), (',', ','), ('the', 'DT'), ('system', 'NN'), ('shall', 'MD'), ('take', 'VB'), ('the', 'DT'), ('user', 'NN'), ('to', 'TO'), ('main', 'JJ'), ('screen', 'NN'), ('.', '.')]",If game play then  game shall show resume game,If user register system then  system shall take user directly game start.,,,If user play tournament then  game shall provide option pause,If user participate respective tournament then  game shall reach end level win,,,,,If user select level then  game shall provide option pause,,,,,,,,,,,,,,,,,,,,If game play then  game shall show resume game,
"When user saved the previous game, the system shall show a new game or continue option.","user saved previous game, system shall show new game continue option.",user saved previous game, system shall show new game continue option.,0.24567559361457825,10.0,"[('When', 'WRB'), ('user', 'NN'), ('saved', 'VBD'), ('the', 'DT'), ('previous', 'JJ'), ('game', 'NN'), (',', ','), ('the', 'DT'), ('system', 'NN'), ('shall', 'MD'), ('show', 'VB'), ('a', 'DT'), ('new', 'JJ'), ('game', 'NN'), ('or', 'CC'), ('continue', 'VB'), ('option', 'NN'), ('.', '.')]",If user participate respective tournament then  game shall show resume game,If user register system then  system shall pause game.,,,If user play tournament then  game shall show resume game,If user participate respective tournament then  game shall show resume game,,,,,,,,,,,,,,,,,,,,,,,,,,
"When user not saved the previous game, the system shall take the user directly in the game start.","user saved previous game, system shall take user directly game start.",user saved previous game, system shall take user directly game start.,0.30081015825271606,11.0,"[('When', 'WRB'), ('user', 'NN'), ('not', 'RB'), ('saved', 'VBD'), ('the', 'DT'), ('previous', 'JJ'), ('game', 'NN'), (',', ','), ('the', 'DT'), ('system', 'NN'), ('shall', 'MD'), ('take', 'VB'), ('the', 'DT'), ('user', 'NN'), ('directly', 'RB'), ('in', 'IN'), ('the', 'DT'), ('game', 'NN'), ('start', 'NN'), ('.', '.')]",If user register system then  system shall start game again.,If user register system then  system shall start game again.,,,,,,,,,,,,,,,,,,,,,,,,,,,,,,
"When user press the setting icon and setting popup opens, the system shall pause the game.","user press setting icon setting popup opens, system shall pause game.",user press setting icon setting popup opens, system shall pause game.,0.11376485973596573,12.0,"[('When', 'WRB'), ('user', 'JJ'), ('press', 'NN'), ('the', 'DT'), ('setting', 'NN'), ('icon', 'NN'), ('and', 'CC'), ('setting', 'VBG'), ('popup', 'NN'), ('opens', 'NNS'), (',', ','), ('the', 'DT'), ('system', 'NN'), ('shall', 'MD'), ('pause', 'VB'), ('the', 'DT'), ('game', 'NN'), ('.', '.')]",If user register system then  system shall allow user play game.,If user register system then  system shall allow user play game.,,,,,,,,,,,,,,,,,,,,,,,,,,,,,,
"When user close the settings, the system shall start the game again.","user close settings, system shall start game again.",user close settings, system shall start game again.,0.18321213126182556,13.0,"[('When', 'WRB'), ('user', 'NN'), ('close', 'RB'), ('the', 'DT'), ('settings', 'NNS'), (',', ','), ('the', 'DT'), ('system', 'NN'), ('shall', 'MD'), ('start', 'VB'), ('the', 'DT'), ('game', 'NN'), ('again', 'RB'), ('.', '.')]",If user register system then  system shall allow administrator set maximum number win reach ending game.,If user register system then  system shall allow administrator set maximum number win reach ending game.,,,,,,,,,,,,,,,,,,,,,,,,,,,,,,
"While the user sign up, the system shall allow the user to play the game.","user sign up, system shall allow user play game.",user sign up, system shall allow user play game.,0.24825869500637054,14.0,"[('While', 'IN'), ('the', 'DT'), ('user', 'NN'), ('sign', 'NN'), ('up', 'RB'), (',', ','), ('the', 'DT'), ('system', 'NN'), ('shall', 'MD'), ('allow', 'VB'), ('the', 'DT'), ('user', 'NN'), ('to', 'TO'), ('play', 'VB'), ('the', 'DT'), ('game', 'NN'), ('.', '.')]",If game pause then  system shall allow user play game.,,,,,,,,,,,,,,,,,,,,,,,,,,,,,,,
"While creating a game, the system shall allow an administrator to set a maximum number of wins to reach before ending the game.","creating game, system shall allow administrator set maximum number win reach ending game.",creating game, system shall allow administrator set maximum number win reach ending game.,0.2776505947113037,15.0,"[('While', 'IN'), ('creating', 'VBG'), ('a', 'DT'), ('game', 'NN'), (',', ','), ('the', 'DT'), ('system', 'NN'), ('shall', 'MD'), ('allow', 'VB'), ('an', 'DT'), ('administrator', 'NN'), ('to', 'TO'), ('set', 'VB'), ('a', 'DT'), ('maximum', 'JJ'), ('number', 'NN'), ('of', 'IN'), ('wins', 'NNS'), ('to', 'TO'), ('reach', 'VB'), ('before', 'IN'), ('ending', 'VBG'), ('the', 'DT'), ('game', 'NN'), ('.', '.')]",If game pause then  system shall allow administrator set maximum number win reach ending game.,,,,,,,,,,,,,,,,,,,,,,,,,,,,,,,
"when user fight with enemies, the game shall reach the end level to win","user fight enemies, game shall reach end level win",user fight enemies, game shall reach end level win,0.13873517513275146,16.0,"[('when', 'WRB'), ('user', 'JJ'), ('fight', 'NN'), ('with', 'IN'), ('enemies', 'NNS'), (',', ','), ('the', 'DT'), ('game', 'NN'), ('shall', 'MD'), ('reach', 'VB'), ('the', 'DT'), ('end', 'NN'), ('level', 'NN'), ('to', 'TO'), ('win', 'VB')]",If game pause then  game shall reach end level win,,,,,,,,,,,,,,,,,,,,,,,,,,,,,,,
"if game is play, then the game shall provide an option of pause","game play, game shall provide option pause",game play, game shall provide option pause,0.32836204767227173,17.0,"[('if', 'IN'), ('game', 'NN'), ('is', 'VBZ'), ('play', 'VBN'), (',', ','), ('then', 'RB'), ('the', 'DT'), ('game', 'NN'), ('shall', 'MD'), ('provide', 'VB'), ('an', 'DT'), ('option', 'NN'), ('of', 'IN'), ('pause', 'NN')]",If game pause then  game shall provide option pause,,,,,,,,,,,,,,,,,,,,,,,,,,,,,,,
"when game pause, the game shall show resume game,saveload,change setting or exit text","game pause, game shall show resume game,saveload,change setting exit text",game pause, game shall show resume game,0.4791901111602783,18.0,"[('when', 'WRB'), ('game', 'NN'), ('pause', 'NN'), (',', ','), ('the', 'DT'), ('game', 'NN'), ('shall', 'MD'), ('show', 'VB'), ('resume', 'JJ'), ('game', 'NN'), (',', ','), ('saveload', 'NN'), (',', ','), ('change', 'NN'), ('setting', 'NN'), ('or', 'CC'), ('exit', 'NN'), ('text', 'NN')]",If game pause then  game shall show resume game,,,,,,,,,,,,,,,,,,,,,,,,,,,,,,,
